customer_id,customer_name,gender,age,city,state,segment
1,Shelly Schultz,Female,32,Maharashtra,Pune,Loyal
2,Amanda Clay,Male,36,Tamil Nadu,Chennai,Loyal
3,Stephanie Becker,Male,24,Telangana,Hyderabad,Regular
4,Kristina Smith,Male,27,Karnataka,Bangalore,Loyal
5,Carl Lucas,Male,29,West Bengal,Kolkata,Loyal
6,Julie Wallace,Male,29,Karnataka,Bangalore,Regular
7,Scott Mcdonald,Female,59,Delhi,Delhi,Premium
8,Allison White,Male,29,Delhi,Delhi,Regular
9,Teresa Scott,Male,62,Maharashtra,Mumbai,Loyal
10,Brian Romero,Male,33,Karnataka,Bangalore,Premium
11,George Campbell,Male,22,Telangana,Hyderabad,Premium
12,Nicole Peterson,Female,21,Maharashtra,Pune,Premium
13,Monica Turner,Male,54,Telangana,Hyderabad,Loyal
14,Debra Myers,Female,46,Maharashtra,Pune,Loyal
15,Yesenia Hayes,Male,46,Karnataka,Bangalore,Premium
16,Louis Chen,Female,26,Tamil Nadu,Chennai,Regular
17,Joseph Gilbert,Male,27,Tamil Nadu,Chennai,Loyal
18,Diamond Sharp,Female,57,West Bengal,Kolkata,Premium
19,Jim Baxter,Female,26,West Bengal,Kolkata,Premium
20,Kristine Taylor,Male,65,Tamil Nadu,Chennai,Loyal
21,Julia Webb,Male,57,Karnataka,Bangalore,Regular
22,Paul Franklin,Female,62,Maharashtra,Pune,Loyal
23,Joann Wright PhD,Male,23,Tamil Nadu,Chennai,Premium
24,Kayla Rogers,Female,32,Maharashtra,Pune,Loyal
25,Mandy Hart,Female,29,Maharashtra,Mumbai,Regular
26,Patrick Rodriguez,Male,55,Maharashtra,Mumbai,Regular
27,Timothy Herrera,Male,38,Telangana,Hyderabad,Premium
28,William James,Female,18,Telangana,Hyderabad,Regular
29,Kelly Benton,Male,18,West Bengal,Kolkata,Regular
30,Ryan Gallegos,Male,32,Delhi,Delhi,Premium
31,Eric Lambert MD,Male,38,West Bengal,Kolkata,Premium
32,Nathaniel Figueroa,Male,31,Karnataka,Bangalore,Premium
33,Keith Nelson IV,Female,25,West Bengal,Kolkata,Premium
34,Dana Haley,Female,33,Maharashtra,Pune,Premium
35,Rachel Carroll,Female,55,Tamil Nadu,Chennai,Loyal
36,Dawn Powell,Female,53,Telangana,Hyderabad,Premium
37,Benjamin Pena,Male,45,Delhi,Delhi,Premium
38,Daniel West,Male,52,Delhi,Delhi,Loyal
39,Micheal Fisher,Female,28,Telangana,Hyderabad,Loyal
40,Brittany Shepherd,Male,43,Karnataka,Bangalore,Regular
41,Megan Horton,Male,20,Tamil Nadu,Chennai,Premium
42,Natalie Stone,Male,58,Karnataka,Bangalore,Premium
43,Philip Scott,Male,30,Delhi,Delhi,Loyal
44,Jacob Weaver,Male,65,Delhi,Delhi,Loyal
45,Joe Barnes,Female,32,Telangana,Hyderabad,Regular
46,Lori Burnett,Female,33,Maharashtra,Mumbai,Regular
47,William Mayo,Male,28,Karnataka,Bangalore,Regular
48,David Martin,Female,30,Telangana,Hyderabad,Regular
49,Jacob Alvarez,Male,23,West Bengal,Kolkata,Premium
50,Brad Harris,Female,62,Maharashtra,Pune,Loyal
51,Chad Cooper,Male,23,Telangana,Hyderabad,Premium
52,Dr. Melissa Smith,Female,57,Maharashtra,Mumbai,Regular
53,Katrina Holmes,Female,23,Telangana,Hyderabad,Regular
54,Sarah Williams,Male,30,Telangana,Hyderabad,Loyal
55,Erika White,Female,54,Tamil Nadu,Chennai,Regular
56,Kristen Craig,Male,60,Tamil Nadu,Chennai,Premium
57,Nancy Carlson,Female,39,Delhi,Delhi,Premium
58,Samantha Haney,Female,33,Maharashtra,Pune,Regular
59,Aaron Elliott,Female,23,West Bengal,Kolkata,Loyal
60,Joshua Sloan,Female,50,Maharashtra,Pune,Premium
61,Amber Patel,Female,46,Telangana,Hyderabad,Loyal
62,Renee Randolph,Male,63,West Bengal,Kolkata,Regular
63,Michael Moore,Female,54,Delhi,Delhi,Loyal
64,James Gardner,Male,33,West Bengal,Kolkata,Regular
65,Jillian Banks,Female,34,Tamil Nadu,Chennai,Regular
66,Rachael Haas,Female,56,Delhi,Delhi,Loyal
67,Gregory Robinson,Female,19,Karnataka,Bangalore,Premium
68,Bobby Harvey,Female,52,West Bengal,Kolkata,Loyal
69,Melanie Oconnor,Male,18,Telangana,Hyderabad,Regular
70,Ricardo Taylor,Female,46,West Bengal,Kolkata,Premium
71,Ebony Jones,Male,40,Maharashtra,Mumbai,Premium
72,Lori Brooks,Male,35,West Bengal,Kolkata,Regular
73,Nicole Thompson,Female,52,Maharashtra,Mumbai,Regular
74,James Reyes,Male,21,Telangana,Hyderabad,Regular
75,Joshua Reed,Male,36,Telangana,Hyderabad,Premium
76,Candace Cook,Female,55,Tamil Nadu,Chennai,Loyal
77,Latoya Solis,Female,19,Maharashtra,Mumbai,Premium
78,Diana Schneider,Male,50,West Bengal,Kolkata,Loyal
79,Christopher Vasquez,Male,53,Telangana,Hyderabad,Regular
80,Hector Sampson,Male,37,Delhi,Delhi,Loyal
81,Cheryl Miller,Male,29,Maharashtra,Pune,Premium
82,Bailey Thomas,Female,40,Karnataka,Bangalore,Premium
83,Melanie Carroll,Female,40,West Bengal,Kolkata,Loyal
84,Jeffrey Parks,Female,25,Maharashtra,Pune,Loyal
85,Morgan Fuller,Female,38,Maharashtra,Mumbai,Premium
86,Holly Moore,Male,34,Maharashtra,Mumbai,Premium
87,Deborah Bowman,Female,59,Karnataka,Bangalore,Regular
88,Ms. Nicole Williams,Female,65,West Bengal,Kolkata,Regular
89,Robert Merritt,Female,49,Telangana,Hyderabad,Premium
90,Lawrence Edwards,Female,35,Tamil Nadu,Chennai,Premium
91,Michelle Garcia,Female,53,Telangana,Hyderabad,Regular
92,Donald Merritt,Female,39,Karnataka,Bangalore,Regular
93,Beth Kirk,Female,59,Tamil Nadu,Chennai,Premium
94,Kenneth Parks,Female,45,Delhi,Delhi,Loyal
95,Glenn Weber,Male,65,Maharashtra,Pune,Premium
96,Brenda Mills,Female,51,Karnataka,Bangalore,Loyal
97,Brittany Juarez,Male,36,Telangana,Hyderabad,Regular
98,Christine Walsh,Male,62,Delhi,Delhi,Premium
99,Grant Kelley,Female,46,Telangana,Hyderabad,Premium
100,Keith Lang,Male,35,Maharashtra,Mumbai,Regular
101,Melissa Moore,Male,58,Maharashtra,Pune,Loyal
102,Bridget Reed,Male,52,Delhi,Delhi,Loyal
103,Mrs. Angela Byrd DDS,Female,60,West Bengal,Kolkata,Premium
104,Michael Barrett,Female,25,Maharashtra,Pune,Loyal
105,Drew Caldwell,Male,58,West Bengal,Kolkata,Premium
106,Jaime Rodriguez,Female,38,Maharashtra,Mumbai,Loyal
107,Cindy Bryan,Male,37,Karnataka,Bangalore,Regular
108,Nicholas Barajas,Female,39,Maharashtra,Pune,Regular
109,Gabriella Lopez,Female,41,Telangana,Hyderabad,Regular
110,Wendy Chambers,Female,37,Delhi,Delhi,Premium
111,Matthew Rhodes,Male,53,Karnataka,Bangalore,Loyal
112,Jessica Pace,Female,64,Telangana,Hyderabad,Loyal
113,Edward Hampton,Male,20,Maharashtra,Mumbai,Premium
114,Chad Simon,Male,56,West Bengal,Kolkata,Loyal
115,Ashley Fox,Female,59,Delhi,Delhi,Premium
116,Sherry Smith MD,Female,19,Karnataka,Bangalore,Loyal
117,Roberto Johnson,Female,23,Delhi,Delhi,Regular
118,Edward Glover,Female,42,Tamil Nadu,Chennai,Loyal
119,Trevor Foster,Female,32,Delhi,Delhi,Regular
120,Kevin Morris,Female,34,Maharashtra,Mumbai,Regular
121,Jennifer Glover,Male,58,Maharashtra,Mumbai,Regular
122,Cindy Martin,Female,22,Maharashtra,Pune,Premium
123,Susan Landry,Male,47,West Bengal,Kolkata,Premium
124,Kristine Charles,Male,33,Maharashtra,Pune,Premium
125,Kimberly Edwards,Female,55,Maharashtra,Pune,Loyal
126,Kimberly Gross,Female,51,Telangana,Hyderabad,Regular
127,Michael Austin,Female,42,Karnataka,Bangalore,Regular
128,Alexander Cruz,Female,48,Telangana,Hyderabad,Loyal
129,Samuel Franco,Female,23,West Bengal,Kolkata,Premium
130,Connor Walter,Female,41,Maharashtra,Pune,Loyal
131,David Miller,Male,57,Maharashtra,Pune,Premium
132,Samantha Middleton,Female,38,West Bengal,Kolkata,Regular
133,Jasmine Parker,Female,63,West Bengal,Kolkata,Regular
134,Matthew Mullins,Male,49,Karnataka,Bangalore,Loyal
135,Norma Manning,Male,46,Maharashtra,Mumbai,Premium
136,Mark Mann,Male,37,Tamil Nadu,Chennai,Loyal
137,Brandon Contreras,Male,27,Karnataka,Bangalore,Regular
138,Gina Wagner,Female,43,Tamil Nadu,Chennai,Loyal
139,Aaron Contreras,Female,62,Telangana,Hyderabad,Regular
140,Shelley Patel,Female,29,Karnataka,Bangalore,Loyal
141,Anne Lucas,Male,41,Delhi,Delhi,Regular
142,Joyce Smith,Male,56,Delhi,Delhi,Premium
143,William Jones,Male,47,Tamil Nadu,Chennai,Regular
144,Stephanie Myers,Male,39,Maharashtra,Mumbai,Loyal
145,Kevin Brock,Male,60,Tamil Nadu,Chennai,Premium
146,Mark Jones,Male,31,West Bengal,Kolkata,Premium
147,George Quinn,Male,60,Maharashtra,Pune,Loyal
148,Cassandra Mitchell,Male,49,Karnataka,Bangalore,Regular
149,Jake Martin,Male,40,Delhi,Delhi,Premium
150,Deborah Shannon,Female,20,Karnataka,Bangalore,Loyal
151,Cheryl Murphy,Female,41,Maharashtra,Pune,Regular
152,Billy Martin,Male,58,West Bengal,Kolkata,Regular
153,Lindsey Walker,Male,36,Maharashtra,Mumbai,Premium
154,Jesus Hernandez,Male,51,Maharashtra,Pune,Loyal
155,Randy Johnson,Female,41,Telangana,Hyderabad,Loyal
156,Craig Burton,Male,36,Maharashtra,Pune,Regular
157,Brandy Reynolds,Male,49,Tamil Nadu,Chennai,Regular
158,Brandon Rios,Male,43,Delhi,Delhi,Regular
159,Lisa Miller,Female,36,Telangana,Hyderabad,Premium
160,Abigail Castro,Female,54,West Bengal,Kolkata,Regular
161,Jerry Diaz,Male,37,Maharashtra,Pune,Loyal
162,Austin Pugh,Male,64,Karnataka,Bangalore,Premium
163,Aaron Vasquez,Female,40,Delhi,Delhi,Regular
164,David Jordan,Male,54,Delhi,Delhi,Regular
165,Richard Williams,Male,58,Maharashtra,Pune,Premium
166,Matthew Norris,Female,30,Maharashtra,Mumbai,Loyal
167,John Obrien,Male,50,Telangana,Hyderabad,Loyal
168,James Estrada,Male,48,Delhi,Delhi,Loyal
169,James Spencer,Female,54,Tamil Nadu,Chennai,Premium
170,Robert Marshall,Male,62,Delhi,Delhi,Loyal
171,Kelli Brown,Female,26,Karnataka,Bangalore,Premium
172,Eric Curtis,Female,27,Delhi,Delhi,Premium
173,Kenneth Williams,Female,36,Tamil Nadu,Chennai,Regular
174,Jason Campos,Male,49,Maharashtra,Pune,Regular
175,Daniel Williams,Male,50,West Bengal,Kolkata,Regular
176,Lisa Rasmussen,Male,57,Maharashtra,Mumbai,Regular
177,Colton Murray,Male,47,West Bengal,Kolkata,Loyal
178,Diana Wells,Male,37,Maharashtra,Mumbai,Loyal
179,Kimberly Rogers,Male,35,Delhi,Delhi,Regular
180,Molly Torres,Female,26,Maharashtra,Pune,Regular
181,Michael Bennett,Male,29,West Bengal,Kolkata,Regular
182,Sherry Weaver,Female,62,Maharashtra,Pune,Loyal
183,Carla Gutierrez,Female,27,Maharashtra,Pune,Loyal
184,Jennifer Greer,Female,61,Telangana,Hyderabad,Loyal
185,Mitchell Bowers,Male,34,Tamil Nadu,Chennai,Regular
186,Michael Fowler,Female,54,Telangana,Hyderabad,Loyal
187,Erin Adams,Male,58,Telangana,Hyderabad,Premium
188,John Santos,Male,56,Tamil Nadu,Chennai,Regular
189,Mark Mejia,Male,45,Delhi,Delhi,Premium
190,Mary Williams,Male,59,Delhi,Delhi,Regular
191,Jessica Edwards,Male,56,West Bengal,Kolkata,Loyal
192,Tara Smith,Male,45,Maharashtra,Pune,Regular
193,Kevin Mccall,Female,55,Telangana,Hyderabad,Premium
194,Stephanie Jackson,Female,55,Delhi,Delhi,Premium
195,Keith Smith,Male,61,West Bengal,Kolkata,Regular
196,Patricia Parker,Female,47,Karnataka,Bangalore,Premium
197,Megan Clark,Male,56,Maharashtra,Pune,Loyal
198,Marc Wilson,Female,56,Delhi,Delhi,Loyal
199,Joshua Williams,Female,35,West Bengal,Kolkata,Regular
200,Tasha Oneill,Female,21,West Bengal,Kolkata,Regular
201,Robert Washington,Male,28,Telangana,Hyderabad,Premium
202,Lauren Hall,Female,38,Karnataka,Bangalore,Regular
203,Eric Hampton,Male,32,Maharashtra,Mumbai,Premium
204,Molly Strickland,Female,38,Maharashtra,Pune,Premium
205,Angela Castaneda,Female,34,Maharashtra,Pune,Loyal
206,Susan Quinn,Male,37,Maharashtra,Mumbai,Regular
207,Theresa Conner,Female,58,Delhi,Delhi,Regular
208,Alfred Cooley Jr.,Female,42,Telangana,Hyderabad,Premium
209,Gregory Bowen,Male,32,Maharashtra,Pune,Regular
210,Erica Jones,Female,25,Delhi,Delhi,Loyal
211,Michael Miller,Male,33,West Bengal,Kolkata,Regular
212,Julie Rivera,Male,47,Karnataka,Bangalore,Regular
213,Anthony Howard,Female,46,West Bengal,Kolkata,Loyal
214,Robert Cox,Male,27,Tamil Nadu,Chennai,Regular
215,Linda Harrison,Female,56,West Bengal,Kolkata,Regular
216,Jennifer Dougherty,Female,61,Maharashtra,Pune,Loyal
217,Alexis Madden,Female,62,Maharashtra,Pune,Regular
218,Wendy Harrington,Female,65,Maharashtra,Mumbai,Regular
219,Alyssa Black,Male,54,Tamil Nadu,Chennai,Loyal
220,Amber Hunt,Female,59,Karnataka,Bangalore,Loyal
221,Chelsey Waller,Female,63,Karnataka,Bangalore,Premium
222,Carrie Franco,Female,40,Karnataka,Bangalore,Premium
223,Sandra Dickson,Male,52,West Bengal,Kolkata,Premium
224,Julia Mendez,Female,20,Karnataka,Bangalore,Premium
225,Eddie Stanley,Female,40,Karnataka,Bangalore,Premium
226,Charles Henson,Male,31,Tamil Nadu,Chennai,Regular
227,Larry Smith,Male,21,Tamil Nadu,Chennai,Regular
228,Amanda Flores,Female,18,Maharashtra,Mumbai,Regular
229,Thomas Williams,Female,63,Maharashtra,Mumbai,Premium
230,Barry Carlson MD,Male,52,Maharashtra,Pune,Regular
231,Jeff Johnson,Male,59,Karnataka,Bangalore,Regular
232,Sherry Miller,Male,40,Karnataka,Bangalore,Regular
233,Mary Martin,Male,57,West Bengal,Kolkata,Regular
234,Aaron Wilson,Male,34,Tamil Nadu,Chennai,Regular
235,James Whitaker,Male,43,Delhi,Delhi,Premium
236,Penny Roberts,Male,33,Telangana,Hyderabad,Premium
237,Joshua Castaneda,Female,40,Maharashtra,Pune,Loyal
238,Tracie Garcia,Male,43,Tamil Nadu,Chennai,Regular
239,Abigail Allen,Male,46,Tamil Nadu,Chennai,Regular
240,Michael Weber,Female,35,Maharashtra,Mumbai,Premium
241,Margaret Trujillo,Male,49,Maharashtra,Pune,Premium
242,Dawn Brown,Male,65,Telangana,Hyderabad,Loyal
243,Beth Miller,Male,65,Maharashtra,Mumbai,Premium
244,Martha Hunter,Female,38,Karnataka,Bangalore,Loyal
245,Christopher Marshall,Male,31,Maharashtra,Pune,Loyal
246,Jesse Miller,Female,42,Maharashtra,Mumbai,Regular
247,Julie Walker,Male,53,Tamil Nadu,Chennai,Premium
248,Steven Horton,Male,53,Maharashtra,Mumbai,Loyal
249,Michael Thomas,Female,64,Telangana,Hyderabad,Loyal
250,Sabrina Francis,Male,18,Delhi,Delhi,Premium
251,Ashley Miller,Male,60,West Bengal,Kolkata,Loyal
252,Joseph Mitchell,Female,61,Tamil Nadu,Chennai,Loyal
253,Robert Miller,Female,49,Maharashtra,Pune,Premium
254,William Gill,Female,32,Delhi,Delhi,Loyal
255,Brian Romero,Male,64,Karnataka,Bangalore,Loyal
256,Gloria Watson,Male,47,Tamil Nadu,Chennai,Premium
257,Carla Mack,Male,18,Tamil Nadu,Chennai,Regular
258,Kelly Harris,Female,29,Maharashtra,Mumbai,Premium
259,Daniel Hunter,Male,46,Karnataka,Bangalore,Loyal
260,Samantha Swanson,Male,22,Maharashtra,Pune,Regular
261,Julian White,Male,29,Karnataka,Bangalore,Regular
262,Sheila Escobar,Male,60,Delhi,Delhi,Premium
263,Hannah Sampson,Male,21,Karnataka,Bangalore,Premium
264,Angela Chung,Female,25,Tamil Nadu,Chennai,Premium
265,Matthew Garcia,Male,35,Maharashtra,Mumbai,Loyal
266,Dr. Matthew Warner,Male,60,Maharashtra,Pune,Premium
267,Jill Whitaker,Female,39,Maharashtra,Mumbai,Loyal
268,Jacob Goodwin,Male,48,Maharashtra,Mumbai,Premium
269,Kayla Turner,Female,29,West Bengal,Kolkata,Regular
270,Tonya Schultz,Female,62,West Bengal,Kolkata,Premium
271,Chad Taylor,Male,29,Telangana,Hyderabad,Regular
272,Donna Rose,Female,45,Maharashtra,Pune,Loyal
273,Sarah Wilson,Male,59,Maharashtra,Mumbai,Regular
274,Sara Garcia,Female,42,West Bengal,Kolkata,Loyal
275,Hannah Miller,Male,35,Tamil Nadu,Chennai,Loyal
276,Kiara Miller,Male,22,Maharashtra,Pune,Premium
277,Joseph Walker,Female,41,Telangana,Hyderabad,Premium
278,Abigail Johnson,Female,19,Karnataka,Bangalore,Regular
279,Alexander Ryan,Male,49,Delhi,Delhi,Premium
280,Terry Harrell,Male,45,Tamil Nadu,Chennai,Regular
281,Amanda Phillips,Female,37,Tamil Nadu,Chennai,Loyal
282,Traci Gilbert,Male,37,Delhi,Delhi,Regular
283,Jason Stokes,Female,40,Delhi,Delhi,Premium
284,Andre Luna,Female,57,West Bengal,Kolkata,Premium
285,Mr. Robert Gould,Male,63,Maharashtra,Pune,Loyal
286,Catherine Sullivan,Male,51,Delhi,Delhi,Premium
287,Joseph Brown MD,Male,42,West Bengal,Kolkata,Loyal
288,Joshua Smith,Female,44,Telangana,Hyderabad,Regular
289,Christina Woods,Male,46,Maharashtra,Mumbai,Regular
290,Anthony Krause,Male,49,Tamil Nadu,Chennai,Regular
291,John Hill,Female,58,Telangana,Hyderabad,Regular
292,Alexandra Adams,Male,65,Maharashtra,Pune,Loyal
293,Scott Clay,Female,30,Telangana,Hyderabad,Premium
294,Mrs. Megan Hill,Female,33,Maharashtra,Pune,Premium
295,Mrs. Ellen Quinn,Female,62,Karnataka,Bangalore,Premium
296,Kaylee Wolfe,Male,62,Karnataka,Bangalore,Loyal
297,Peter Harris,Male,39,Maharashtra,Mumbai,Loyal
298,Kayla Cook,Female,39,Maharashtra,Mumbai,Premium
299,Mark Warren,Female,63,Karnataka,Bangalore,Regular
300,Earl Michael,Female,22,Tamil Nadu,Chennai,Loyal
301,Amber Howell,Female,56,Telangana,Hyderabad,Loyal
302,Christopher Patel,Male,30,Maharashtra,Mumbai,Loyal
303,Gary Kennedy,Female,20,Karnataka,Bangalore,Loyal
304,Cheyenne Hernandez,Male,53,Delhi,Delhi,Loyal
305,Heather Blair,Male,52,Karnataka,Bangalore,Premium
306,Drew Logan,Female,63,West Bengal,Kolkata,Loyal
307,Michael Hill,Male,24,Maharashtra,Mumbai,Regular
308,Jennifer Wilson,Female,31,West Bengal,Kolkata,Premium
309,Nicole Patrick,Female,37,Delhi,Delhi,Loyal
310,Heather Sullivan,Female,35,Telangana,Hyderabad,Premium
311,Lori Benson,Female,24,Maharashtra,Mumbai,Loyal
312,Renee Price,Male,48,Tamil Nadu,Chennai,Loyal
313,Elizabeth Townsend,Male,60,Maharashtra,Pune,Regular
314,Amy Rowland,Male,28,West Bengal,Kolkata,Premium
315,Christian Thompson,Female,28,Telangana,Hyderabad,Loyal
316,Michael Ashley DDS,Male,38,Maharashtra,Pune,Loyal
317,Carolyn Edwards,Female,52,Delhi,Delhi,Premium
318,Stacy Bates,Female,61,Maharashtra,Pune,Loyal
319,Gloria Mcgee,Female,61,Karnataka,Bangalore,Premium
320,Jennifer Salas,Female,36,Maharashtra,Mumbai,Loyal
321,Christine Farrell,Male,60,West Bengal,Kolkata,Premium
322,Jacqueline Bennett,Male,54,Delhi,Delhi,Loyal
323,Brian Gonzales,Male,25,Maharashtra,Mumbai,Premium
324,Nicole Terry,Male,27,Maharashtra,Mumbai,Regular
325,Maria Pearson,Male,39,Maharashtra,Pune,Regular
326,Mallory Gonzalez,Female,29,Tamil Nadu,Chennai,Loyal
327,Carolyn Brown,Female,26,Maharashtra,Mumbai,Loyal
328,Kelsey Avery,Female,44,West Bengal,Kolkata,Premium
329,Jason Green,Female,30,West Bengal,Kolkata,Loyal
330,Jorge Huerta,Male,65,Karnataka,Bangalore,Regular
331,Robin Mcclain,Male,60,Maharashtra,Pune,Premium
332,Angela Mitchell,Male,41,West Bengal,Kolkata,Regular
333,Mathew Sullivan,Male,41,Maharashtra,Mumbai,Loyal
334,Andre Ward,Male,52,Karnataka,Bangalore,Premium
335,Jason Lucero,Male,19,Telangana,Hyderabad,Loyal
336,Charles Perez,Female,21,Delhi,Delhi,Regular
337,Alexis Oliver,Female,35,Maharashtra,Mumbai,Premium
338,Melissa Smith,Female,22,Telangana,Hyderabad,Loyal
339,Dr. Cassandra Smith,Male,44,Tamil Nadu,Chennai,Loyal
340,Pamela Allen,Male,43,Telangana,Hyderabad,Premium
341,Willie Nelson,Male,26,Tamil Nadu,Chennai,Premium
342,Mrs. Michelle Padilla,Female,63,Maharashtra,Mumbai,Regular
343,Michael Myers,Male,33,Maharashtra,Pune,Premium
344,Kaitlyn Sampson,Female,54,West Bengal,Kolkata,Premium
345,John Fischer,Female,19,Delhi,Delhi,Loyal
346,Brian Newton,Male,51,Telangana,Hyderabad,Premium
347,Kevin Duran,Female,63,Maharashtra,Pune,Premium
348,Kristy Johnson,Male,39,Maharashtra,Pune,Regular
349,John Romero,Female,46,Maharashtra,Pune,Loyal
350,James Pearson,Male,42,West Bengal,Kolkata,Regular
351,Theresa Barnett,Female,53,Karnataka,Bangalore,Loyal
352,Erik Taylor,Male,31,West Bengal,Kolkata,Regular
353,Nathan Pittman,Male,30,Tamil Nadu,Chennai,Premium
354,William James,Male,39,West Bengal,Kolkata,Loyal
355,Amy Young,Male,61,Delhi,Delhi,Premium
356,Elizabeth Davis,Male,34,West Bengal,Kolkata,Regular
357,Stephen Navarro,Male,20,Telangana,Hyderabad,Regular
358,Donald Brown,Male,48,Telangana,Hyderabad,Premium
359,Kayla Sullivan,Female,58,Telangana,Hyderabad,Premium
360,Brianna Rasmussen,Female,57,Tamil Nadu,Chennai,Regular
361,Angel Robinson,Male,65,Maharashtra,Pune,Regular
362,Monique Turner,Female,50,Karnataka,Bangalore,Premium
363,Daniel Walker,Female,25,Maharashtra,Mumbai,Loyal
364,William Smith,Female,31,Maharashtra,Mumbai,Regular
365,Sandra Bentley,Female,33,Delhi,Delhi,Regular
366,Chad Diaz,Male,32,Karnataka,Bangalore,Premium
367,Nancy Buckley,Female,33,Maharashtra,Mumbai,Premium
368,Cynthia Johnson,Female,62,Tamil Nadu,Chennai,Premium
369,Natalie Smith,Female,38,Karnataka,Bangalore,Regular
370,Heather Wade,Female,21,West Bengal,Kolkata,Loyal
371,Jennifer Castillo,Male,29,Karnataka,Bangalore,Loyal
372,Holly Kaiser,Female,55,Maharashtra,Pune,Premium
373,Jay Young,Female,50,Maharashtra,Mumbai,Regular
374,Crystal Acosta,Female,22,Maharashtra,Pune,Premium
375,Kimberly Jensen MD,Female,46,Maharashtra,Mumbai,Regular
376,Stephanie Norris,Female,41,Tamil Nadu,Chennai,Loyal
377,Nathan Morrow,Female,25,Telangana,Hyderabad,Premium
378,Steven Ruiz,Female,34,Maharashtra,Pune,Premium
379,Veronica Phillips,Female,18,Telangana,Hyderabad,Regular
380,Sergio French,Female,36,Maharashtra,Pune,Premium
381,Amanda Ruiz,Male,23,Delhi,Delhi,Premium
382,Adam Miller,Female,23,Maharashtra,Pune,Premium
383,Jason Campbell,Female,43,Tamil Nadu,Chennai,Premium
384,Claudia Mccarthy,Male,19,West Bengal,Kolkata,Premium
385,Andrew Collins,Female,55,Delhi,Delhi,Regular
386,Frank Brown,Female,44,Tamil Nadu,Chennai,Premium
387,Lindsey Edwards,Female,29,Karnataka,Bangalore,Regular
388,Teresa Flores,Male,25,Delhi,Delhi,Loyal
389,Zachary Petty,Female,65,Telangana,Hyderabad,Regular
390,Donald Stevens,Male,32,Maharashtra,Pune,Regular
391,Jessica Harris,Male,24,Tamil Nadu,Chennai,Premium
392,Shawn Davis,Male,47,Karnataka,Bangalore,Regular
393,Kimberly Rodriguez,Male,50,Delhi,Delhi,Loyal
394,Mr. Johnny Reyes,Male,54,Delhi,Delhi,Regular
395,Anne Fernandez,Female,19,Karnataka,Bangalore,Regular
396,Scott Barnes,Female,29,Maharashtra,Mumbai,Premium
397,Tracy Welch,Male,31,Karnataka,Bangalore,Regular
398,Danielle Lee,Male,54,Tamil Nadu,Chennai,Loyal
399,Shawn Wyatt,Male,19,Maharashtra,Pune,Premium
400,Kathy Torres,Male,53,Telangana,Hyderabad,Premium
401,Tracy Harris,Female,31,Delhi,Delhi,Loyal
402,Erin Fletcher,Female,23,Maharashtra,Pune,Regular
403,Stephanie Smith,Male,26,West Bengal,Kolkata,Loyal
404,Wesley Lynn,Female,52,Delhi,Delhi,Premium
405,John Richardson,Male,26,Telangana,Hyderabad,Regular
406,Omar Baker,Male,23,Maharashtra,Mumbai,Regular
407,Thomas Hughes,Female,44,Karnataka,Bangalore,Loyal
408,Tamara Williams,Male,60,Telangana,Hyderabad,Premium
409,Gabriel Glover,Female,26,Karnataka,Bangalore,Premium
410,Joe Johnson,Male,34,Tamil Nadu,Chennai,Loyal
411,Patricia Roach,Male,49,Maharashtra,Mumbai,Loyal
412,Andrea Conner,Male,52,Delhi,Delhi,Loyal
413,April Proctor,Male,37,West Bengal,Kolkata,Regular
414,Kristina Dickson,Male,65,Maharashtra,Mumbai,Regular
415,Sean Collins,Male,22,West Bengal,Kolkata,Premium
416,Leslie Foster,Female,53,Maharashtra,Pune,Premium
417,Sara Rosario,Female,18,Tamil Nadu,Chennai,Loyal
418,Teresa Davis,Male,53,Karnataka,Bangalore,Regular
419,Sheila Reynolds,Female,21,West Bengal,Kolkata,Loyal
420,Diana Greene,Female,48,West Bengal,Kolkata,Premium
421,Stephen Reyes,Male,38,Telangana,Hyderabad,Loyal
422,Krystal Phillips,Male,59,Maharashtra,Pune,Premium
423,Deanna Davis,Male,42,Maharashtra,Mumbai,Loyal
424,Jessica Cochran,Female,36,Maharashtra,Pune,Premium
425,Patrick Alvarez,Male,61,Maharashtra,Pune,Premium
426,April Powell,Male,65,Maharashtra,Mumbai,Regular
427,Michael Gray,Female,31,West Bengal,Kolkata,Loyal
428,Brittany Porter,Male,37,West Bengal,Kolkata,Premium
429,Robert Wilson,Female,62,Karnataka,Bangalore,Regular
430,Amy Strong,Female,49,Tamil Nadu,Chennai,Loyal
431,Kenneth Garza,Male,39,Tamil Nadu,Chennai,Regular
432,Joshua Lewis,Male,26,Maharashtra,Mumbai,Regular
433,Ashley Boyer,Female,19,Karnataka,Bangalore,Regular
434,Elizabeth Cole,Female,64,Delhi,Delhi,Loyal
435,Deborah Brown,Male,45,Delhi,Delhi,Loyal
436,Antonio Mccormick,Male,32,Telangana,Hyderabad,Regular
437,Bridget Hardy,Male,51,Maharashtra,Mumbai,Regular
438,Christine Cohen,Female,29,Maharashtra,Mumbai,Regular
439,Anthony Brennan,Male,38,Delhi,Delhi,Loyal
440,Michael Kennedy,Male,31,Telangana,Hyderabad,Regular
441,Kristin Garcia,Female,39,West Bengal,Kolkata,Premium
442,Michael Randall,Male,49,Maharashtra,Mumbai,Loyal
443,Robert Petersen,Female,26,Tamil Nadu,Chennai,Loyal
444,Tyler Ross,Female,28,Karnataka,Bangalore,Loyal
445,Alice Davis,Female,19,Tamil Nadu,Chennai,Regular
446,Miranda Palmer,Female,46,Telangana,Hyderabad,Premium
447,Robert Schultz,Male,31,Telangana,Hyderabad,Loyal
448,Stephen Smith,Male,53,Maharashtra,Pune,Loyal
449,Amy Flores,Female,44,West Bengal,Kolkata,Loyal
450,Christine Valdez,Male,32,Telangana,Hyderabad,Premium
451,Jessica Stewart,Male,28,Tamil Nadu,Chennai,Regular
452,Jason Flores,Female,41,Karnataka,Bangalore,Loyal
453,Kayla Miller,Female,20,Maharashtra,Mumbai,Regular
454,Amber Bowen,Female,34,Delhi,Delhi,Premium
455,Robert Scott,Male,59,Tamil Nadu,Chennai,Regular
456,Daniel Smith,Male,49,West Bengal,Kolkata,Regular
457,Mary Stewart,Male,18,Maharashtra,Pune,Regular
458,Dr. Darryl Fisher,Female,34,Telangana,Hyderabad,Loyal
459,Samuel Snyder,Female,38,West Bengal,Kolkata,Loyal
460,Donna Ramsey,Male,59,Tamil Nadu,Chennai,Regular
461,Krystal Jenkins,Male,43,West Bengal,Kolkata,Regular
462,James Ritter,Female,45,West Bengal,Kolkata,Loyal
463,Christopher Collins,Female,25,Tamil Nadu,Chennai,Regular
464,Crystal Ford,Female,26,Tamil Nadu,Chennai,Loyal
465,Larry Young,Female,39,Delhi,Delhi,Regular
466,Andrea Johnson,Female,46,Telangana,Hyderabad,Loyal
467,Noah West,Female,30,West Bengal,Kolkata,Regular
468,Tina James,Male,62,Maharashtra,Pune,Regular
469,Sherri Murphy,Female,61,Maharashtra,Pune,Premium
470,Michael Santiago,Female,29,Delhi,Delhi,Premium
471,James Powell,Male,48,West Bengal,Kolkata,Premium
472,Theodore Johnson,Male,58,West Bengal,Kolkata,Regular
473,Christian Webster,Female,45,Maharashtra,Pune,Regular
474,Nicholas Bass,Female,32,Telangana,Hyderabad,Regular
475,Ian Kelly,Female,25,Maharashtra,Pune,Loyal
476,Mark Adams,Female,48,Maharashtra,Pune,Regular
477,Robert Foster,Female,50,Maharashtra,Pune,Regular
478,Keith Grant,Female,49,Telangana,Hyderabad,Premium
479,Laura Diaz,Female,65,Maharashtra,Mumbai,Loyal
480,Kayla Knight DVM,Female,20,Karnataka,Bangalore,Loyal
481,Steven Mitchell,Male,53,Karnataka,Bangalore,Regular
482,Kimberly Shelton,Male,27,Tamil Nadu,Chennai,Regular
483,Shannon Lopez,Female,41,West Bengal,Kolkata,Regular
484,Kimberly Ross,Female,55,Delhi,Delhi,Regular
485,Sharon Espinoza,Male,49,Telangana,Hyderabad,Loyal
486,Cindy Villegas,Male,62,West Bengal,Kolkata,Loyal
487,Nathaniel Brooks,Male,47,Delhi,Delhi,Premium
488,David Lewis,Male,29,Karnataka,Bangalore,Regular
489,Lisa Thomas,Male,54,Maharashtra,Pune,Loyal
490,Sandra Smith,Female,35,Maharashtra,Mumbai,Premium
491,Hannah Miller,Female,36,Delhi,Delhi,Regular
492,Kevin Clark,Female,40,Maharashtra,Mumbai,Regular
493,Jose Williams,Female,18,Tamil Nadu,Chennai,Loyal
494,Rachel Morrison,Male,43,Tamil Nadu,Chennai,Premium
495,Dawn James,Male,24,Maharashtra,Pune,Loyal
496,Mary Miller,Male,53,Telangana,Hyderabad,Regular
497,Craig Farrell,Male,43,Delhi,Delhi,Loyal
498,Renee Turner,Male,52,Maharashtra,Mumbai,Regular
499,Jennifer Rivera,Female,41,Telangana,Hyderabad,Regular
500,Ashley Richard,Female,50,West Bengal,Kolkata,Premium
501,James Simpson,Male,51,West Bengal,Kolkata,Premium
502,Evan Roman,Male,56,Tamil Nadu,Chennai,Premium
503,Timothy Richardson,Female,53,West Bengal,Kolkata,Loyal
504,Caitlin Bailey,Female,46,Telangana,Hyderabad,Premium
505,Amy Hester,Female,42,Delhi,Delhi,Premium
506,John Harrington,Male,26,West Bengal,Kolkata,Premium
507,Marco Hernandez,Female,54,Tamil Nadu,Chennai,Premium
508,Michael Allen,Male,29,Maharashtra,Mumbai,Regular
509,Erin Thomas,Male,39,Maharashtra,Mumbai,Loyal
510,James Miller,Male,45,Maharashtra,Mumbai,Loyal
511,Sophia Orozco,Female,61,Telangana,Hyderabad,Loyal
512,Kelsey Hawkins,Female,36,Delhi,Delhi,Loyal
513,Jaclyn Morrow,Male,40,Delhi,Delhi,Regular
514,Richard Robinson,Male,22,Delhi,Delhi,Premium
515,Crystal Bell,Male,58,Delhi,Delhi,Premium
516,Brenda Hendrix,Male,53,Maharashtra,Pune,Loyal
517,Kevin Cole,Male,57,West Bengal,Kolkata,Loyal
518,Suzanne Vega,Female,52,West Bengal,Kolkata,Regular
519,Michelle Douglas,Female,24,Karnataka,Bangalore,Regular
520,Jeffrey Howell,Female,55,Maharashtra,Mumbai,Premium
521,Nancy Brewer,Male,54,Delhi,Delhi,Regular
522,Suzanne Schaefer,Male,47,Telangana,Hyderabad,Loyal
523,Christopher Williams,Female,20,Tamil Nadu,Chennai,Premium
524,Sarah Fuller,Male,27,Telangana,Hyderabad,Regular
525,Robert Perez,Male,56,Delhi,Delhi,Loyal
526,Brian Martinez,Male,56,Maharashtra,Mumbai,Premium
527,Jason Navarro,Male,64,Karnataka,Bangalore,Loyal
528,Stephen George,Male,31,Delhi,Delhi,Premium
529,Mrs. Renee Brooks,Female,21,Maharashtra,Pune,Loyal
530,Martin Alexander,Female,43,Delhi,Delhi,Loyal
531,Tamara Kelly,Female,41,Telangana,Hyderabad,Premium
532,Joseph Brown,Female,45,Maharashtra,Pune,Regular
533,Matthew Tucker,Male,38,Delhi,Delhi,Premium
534,Matthew Thomas,Female,23,Maharashtra,Mumbai,Premium
535,Mr. Andrew Wade PhD,Male,49,Tamil Nadu,Chennai,Regular
536,Nathan Hale,Female,34,Maharashtra,Pune,Regular
537,Timothy Rivera,Male,34,Karnataka,Bangalore,Premium
538,Christopher Waller,Female,33,Karnataka,Bangalore,Loyal
539,Mary Johnson,Male,42,West Bengal,Kolkata,Premium
540,Jennifer Hendrix,Female,51,Maharashtra,Mumbai,Loyal
541,Jocelyn Padilla,Female,50,Maharashtra,Mumbai,Regular
542,Taylor Strickland,Female,42,Maharashtra,Pune,Regular
543,Kenneth Andrews,Female,61,Telangana,Hyderabad,Premium
544,Pamela Garcia,Male,49,Telangana,Hyderabad,Regular
545,Jonathan Valenzuela,Female,32,West Bengal,Kolkata,Regular
546,Marissa Smith,Female,23,Telangana,Hyderabad,Premium
547,Kyle Cummings,Male,56,Delhi,Delhi,Loyal
548,Erika Vasquez,Female,36,Maharashtra,Mumbai,Regular
549,Jennifer Weber,Female,33,Maharashtra,Mumbai,Premium
550,Rebecca Alvarado,Female,65,Tamil Nadu,Chennai,Premium
551,Connor Sanchez,Male,64,Karnataka,Bangalore,Loyal
552,William Martin DDS,Female,54,Karnataka,Bangalore,Premium
553,Adrian Sanchez,Female,55,Karnataka,Bangalore,Premium
554,Joseph Perez,Female,32,Maharashtra,Pune,Premium
555,Steven Carroll,Female,46,Telangana,Hyderabad,Regular
556,Joyce Johnson,Male,40,Karnataka,Bangalore,Regular
557,Kathleen Wilson,Female,46,Delhi,Delhi,Premium
558,Jesse Shepard,Female,39,Tamil Nadu,Chennai,Loyal
559,Andrew Carter,Female,53,West Bengal,Kolkata,Premium
560,Jessica Cameron DDS,Female,50,Maharashtra,Pune,Regular
561,Allison Lindsey,Female,27,Telangana,Hyderabad,Regular
562,Brandon Collins,Female,46,Karnataka,Bangalore,Loyal
563,Tracy Mann,Female,33,Delhi,Delhi,Loyal
564,Jessica Young,Male,47,Tamil Nadu,Chennai,Loyal
565,Deanna Snyder,Female,56,Karnataka,Bangalore,Premium
566,Veronica Mahoney,Female,47,Karnataka,Bangalore,Premium
567,Lindsay Cooper,Male,35,Karnataka,Bangalore,Premium
568,Kelly Gonzales,Male,46,Delhi,Delhi,Regular
569,Daisy Kaufman,Male,49,Maharashtra,Mumbai,Loyal
570,Jennifer Carr,Female,23,Karnataka,Bangalore,Loyal
571,Jeffrey Pennington,Male,27,Telangana,Hyderabad,Regular
572,Ashley Gonzalez,Male,27,Delhi,Delhi,Regular
573,Manuel Love,Male,63,Karnataka,Bangalore,Loyal
574,Arthur Sanchez,Male,22,Maharashtra,Pune,Regular
575,Gregory Clayton,Female,65,West Bengal,Kolkata,Regular
576,Stacey Castaneda,Male,47,Delhi,Delhi,Premium
577,Kimberly Reyes,Female,30,Telangana,Hyderabad,Regular
578,Michael Haynes,Female,19,West Bengal,Kolkata,Loyal
579,Holly Melendez,Female,35,Tamil Nadu,Chennai,Premium
580,Denise Richmond,Male,54,Karnataka,Bangalore,Loyal
581,Caroline Barker,Female,37,Maharashtra,Mumbai,Loyal
582,Renee Caldwell,Female,63,Maharashtra,Pune,Loyal
583,Todd Gonzalez,Male,35,Delhi,Delhi,Premium
584,Michelle Phillips,Male,58,Karnataka,Bangalore,Loyal
585,Connie Adams,Male,51,Delhi,Delhi,Regular
586,Amber Potter,Male,39,Karnataka,Bangalore,Regular
587,Tara Francis,Female,50,West Bengal,Kolkata,Regular
588,Thomas Waters,Male,19,Maharashtra,Pune,Premium
589,Kimberly Sanchez MD,Female,65,Karnataka,Bangalore,Loyal
590,Sean Baldwin,Female,34,Telangana,Hyderabad,Premium
591,Jose Banks,Male,23,Maharashtra,Mumbai,Regular
592,James Rodriguez,Male,43,West Bengal,Kolkata,Premium
593,Jennifer Alvarez,Female,57,Maharashtra,Pune,Premium
594,Kevin Carr,Male,56,Karnataka,Bangalore,Loyal
595,Jeffrey Rosales,Female,64,Telangana,Hyderabad,Premium
596,Gregory Allen,Male,29,Telangana,Hyderabad,Loyal
597,Dr. Anthony Wilson,Female,29,Tamil Nadu,Chennai,Premium
598,Emily Beck,Male,51,Maharashtra,Pune,Regular
599,Daniel Gay,Female,24,Tamil Nadu,Chennai,Regular
600,Mr. Wayne Ford Jr.,Female,50,Delhi,Delhi,Regular
601,Deborah Leon,Female,60,Tamil Nadu,Chennai,Premium
602,Karen Hunt,Female,56,Maharashtra,Pune,Loyal
603,Joanna Sanchez,Female,57,West Bengal,Kolkata,Regular
604,Morgan Montgomery,Female,60,West Bengal,Kolkata,Loyal
605,Susan Hall,Male,52,Karnataka,Bangalore,Loyal
606,Donna Davenport,Female,61,Telangana,Hyderabad,Premium
607,Charles Tran,Female,38,Karnataka,Bangalore,Loyal
608,Jeffrey Boyer,Male,19,Telangana,Hyderabad,Loyal
609,Jean Taylor,Female,38,Telangana,Hyderabad,Regular
610,Rebecca Daugherty PhD,Male,25,West Bengal,Kolkata,Regular
611,David Santos,Female,65,Telangana,Hyderabad,Premium
612,Jessica Lee,Male,43,Tamil Nadu,Chennai,Loyal
613,Pamela Smith,Male,58,Delhi,Delhi,Loyal
614,Robert Cantrell,Female,26,Maharashtra,Mumbai,Regular
615,James Ford,Female,42,Tamil Nadu,Chennai,Loyal
616,Melissa Navarro,Male,54,West Bengal,Kolkata,Premium
617,Christopher Lowe,Female,45,Maharashtra,Mumbai,Loyal
618,Mandy Phillips,Female,32,West Bengal,Kolkata,Regular
619,Shawn Crawford,Male,26,West Bengal,Kolkata,Premium
620,Bryan Little,Male,60,Telangana,Hyderabad,Loyal
621,Ashley Macias,Male,54,Telangana,Hyderabad,Regular
622,Sarah Craig,Female,65,Delhi,Delhi,Regular
623,Nathan Brown,Female,42,Maharashtra,Mumbai,Regular
624,Scott Palmer,Female,53,West Bengal,Kolkata,Regular
625,Jeffrey Rios,Male,48,West Bengal,Kolkata,Premium
626,Eric Payne,Male,30,Maharashtra,Mumbai,Premium
627,Chad Scott,Female,50,Maharashtra,Mumbai,Premium
628,Judy Garcia,Male,23,Tamil Nadu,Chennai,Loyal
629,Maureen Wise,Female,39,Delhi,Delhi,Premium
630,Cindy Silva,Male,48,Karnataka,Bangalore,Loyal
631,Daniel Morgan,Male,18,Maharashtra,Pune,Loyal
632,Dr. Kristen Anderson,Female,59,West Bengal,Kolkata,Premium
633,Stephanie Powell,Male,54,Delhi,Delhi,Premium
634,Matthew Monroe,Male,19,Tamil Nadu,Chennai,Regular
635,Shawna Hernandez,Male,56,Telangana,Hyderabad,Regular
636,Leslie Lee,Male,63,West Bengal,Kolkata,Loyal
637,Anthony Montgomery,Female,52,Delhi,Delhi,Premium
638,Derek Villegas,Female,28,West Bengal,Kolkata,Regular
639,Brian Vargas,Male,27,Telangana,Hyderabad,Regular
640,Matthew Smith PhD,Male,24,Telangana,Hyderabad,Premium
641,Sarah Rivera,Female,53,West Bengal,Kolkata,Loyal
642,Christopher Sanders,Male,56,Tamil Nadu,Chennai,Premium
643,Christopher Santos,Male,59,Telangana,Hyderabad,Loyal
644,Blake Hardy,Male,37,West Bengal,Kolkata,Premium
645,Melanie Wright,Female,44,Maharashtra,Mumbai,Premium
646,Alicia Richmond,Female,39,Delhi,Delhi,Loyal
647,Laura Chaney,Male,47,Delhi,Delhi,Premium
648,Megan Coleman,Female,49,Maharashtra,Pune,Regular
649,Joseph Johnson,Female,46,Tamil Nadu,Chennai,Loyal
650,Michelle Moore,Female,52,Tamil Nadu,Chennai,Premium
651,Mr. Keith Glenn,Female,24,Delhi,Delhi,Loyal
652,Ernest Brooks,Male,27,Maharashtra,Pune,Loyal
653,Jack Wilcox,Female,35,Delhi,Delhi,Premium
654,Alison Rivera,Female,61,Telangana,Hyderabad,Regular
655,Clinton Anderson,Female,46,West Bengal,Kolkata,Regular
656,Paula Sutton,Female,41,Karnataka,Bangalore,Regular
657,Kristen Fisher,Male,61,West Bengal,Kolkata,Premium
658,Allen Sanchez,Male,40,Tamil Nadu,Chennai,Regular
659,Mitchell West,Male,38,West Bengal,Kolkata,Loyal
660,Yolanda Phillips,Female,26,Tamil Nadu,Chennai,Regular
661,Jennifer Hendrix,Female,19,Maharashtra,Mumbai,Regular
662,Chloe Howard,Female,31,Maharashtra,Mumbai,Regular
663,Kathleen Figueroa,Female,44,Tamil Nadu,Chennai,Loyal
664,Darrell Rogers,Female,20,Karnataka,Bangalore,Loyal
665,Derrick Medina,Female,60,Maharashtra,Pune,Regular
666,Kristen Lawrence,Female,37,Maharashtra,Mumbai,Loyal
667,Jorge Castillo,Male,45,Telangana,Hyderabad,Loyal
668,Shane Jones,Female,65,West Bengal,Kolkata,Loyal
669,Jeremy Krueger,Male,23,Telangana,Hyderabad,Loyal
670,Nicholas Sullivan,Male,20,Tamil Nadu,Chennai,Loyal
671,Jeff Graham,Male,20,Telangana,Hyderabad,Regular
672,Joel Ballard,Female,62,West Bengal,Kolkata,Regular
673,Amy Johnson,Male,31,Tamil Nadu,Chennai,Loyal
674,Michael Faulkner,Female,54,Karnataka,Bangalore,Regular
675,Christina Atkins,Female,34,Tamil Nadu,Chennai,Loyal
676,Anthony Jones,Female,58,Telangana,Hyderabad,Premium
677,Kevin Roach,Female,62,West Bengal,Kolkata,Premium
678,Jessica Harrington,Male,31,Maharashtra,Mumbai,Regular
679,Patricia Gomez,Female,52,Telangana,Hyderabad,Premium
680,Gabriel Beck,Female,36,Maharashtra,Mumbai,Loyal
681,Jessica Mcgrath,Male,25,Karnataka,Bangalore,Loyal
682,John Gamble,Female,64,West Bengal,Kolkata,Loyal
683,Randy Gonzales,Male,25,Maharashtra,Pune,Regular
684,Barbara Myers,Female,44,West Bengal,Kolkata,Regular
685,Taylor Knight,Male,55,Tamil Nadu,Chennai,Loyal
686,William Rosales,Male,55,West Bengal,Kolkata,Regular
687,Rebecca Nelson,Male,27,Delhi,Delhi,Regular
688,Amber Huffman,Male,31,West Bengal,Kolkata,Regular
689,Ariana Barrett,Male,63,West Bengal,Kolkata,Loyal
690,Ruth Cummings,Male,52,Telangana,Hyderabad,Regular
691,Jesse French,Male,54,Delhi,Delhi,Loyal
692,Linda Martin,Male,50,Maharashtra,Mumbai,Loyal
693,Christian Mcneil,Female,55,Maharashtra,Pune,Loyal
694,Jose Martinez,Male,34,West Bengal,Kolkata,Premium
695,Charles Stokes,Female,52,Karnataka,Bangalore,Premium
696,Chad Becker,Female,60,Tamil Nadu,Chennai,Loyal
697,Ashley Preston,Male,40,Maharashtra,Mumbai,Premium
698,Kim Mata,Female,22,Tamil Nadu,Chennai,Regular
699,Daniel Rivera,Female,38,Karnataka,Bangalore,Premium
700,Julia Johnson,Female,18,Maharashtra,Pune,Loyal
701,Mitchell Riley,Male,24,Maharashtra,Mumbai,Regular
702,Taylor Anderson,Male,52,Telangana,Hyderabad,Premium
703,Paula Henderson,Female,48,Telangana,Hyderabad,Regular
704,Richard Webb Jr.,Female,31,Karnataka,Bangalore,Regular
705,Mariah Durham,Female,33,Karnataka,Bangalore,Loyal
706,Dr. Brandy Rodriguez,Female,53,Maharashtra,Pune,Premium
707,Carlos Jackson,Male,53,Telangana,Hyderabad,Premium
708,Aaron Moore,Male,54,Maharashtra,Mumbai,Regular
709,Raymond Luna,Female,30,Karnataka,Bangalore,Premium
710,Eric Hughes,Male,61,West Bengal,Kolkata,Regular
711,Deborah Collins,Female,44,Tamil Nadu,Chennai,Regular
712,Melissa Raymond,Female,24,Telangana,Hyderabad,Premium
713,Steven Walker,Male,19,Maharashtra,Mumbai,Regular
714,Phillip Calhoun,Female,25,Tamil Nadu,Chennai,Loyal
715,Louis Delgado,Female,21,Delhi,Delhi,Loyal
716,Christina Horton,Male,52,Telangana,Hyderabad,Regular
717,Sally Williams,Female,55,West Bengal,Kolkata,Regular
718,Tiffany Campbell,Male,37,West Bengal,Kolkata,Premium
719,Brooke Stafford,Male,41,Delhi,Delhi,Premium
720,Kevin Smith,Female,32,Delhi,Delhi,Regular
721,Brian Choi,Male,54,Maharashtra,Pune,Loyal
722,Sarah Long,Female,42,Telangana,Hyderabad,Regular
723,Cameron Peterson,Female,22,Delhi,Delhi,Premium
724,Erika Brown,Male,28,Maharashtra,Mumbai,Premium
725,Raymond Marquez,Male,26,Delhi,Delhi,Premium
726,Michael Taylor,Male,25,Tamil Nadu,Chennai,Loyal
727,Jose Garcia,Male,50,Tamil Nadu,Chennai,Regular
728,Megan Ortiz,Female,60,Karnataka,Bangalore,Premium
729,Isabel Fox,Female,64,Telangana,Hyderabad,Premium
730,Kelly Henry,Male,30,West Bengal,Kolkata,Premium
731,Aimee Moon,Male,62,Maharashtra,Pune,Regular
732,Megan Martinez,Male,49,West Bengal,Kolkata,Loyal
733,Mark Ford,Female,57,Karnataka,Bangalore,Premium
734,Trevor Oliver,Male,60,Maharashtra,Pune,Premium
735,Shelia Quinn,Female,30,Tamil Nadu,Chennai,Loyal
736,Cassandra Wright,Female,23,Telangana,Hyderabad,Premium
737,Linda Black,Male,23,Delhi,Delhi,Premium
738,Tammy Garcia,Male,31,West Bengal,Kolkata,Regular
739,Jessica Webster,Male,22,Karnataka,Bangalore,Premium
740,Nancy Powell,Female,58,Maharashtra,Pune,Premium
741,Morgan Ford,Female,23,Karnataka,Bangalore,Premium
742,Arthur Nunez,Male,36,Maharashtra,Pune,Regular
743,Edward Campbell,Male,56,Telangana,Hyderabad,Premium
744,Joseph Hurley,Male,46,Delhi,Delhi,Loyal
745,Jeffrey Dixon,Female,21,Maharashtra,Pune,Premium
746,Jessica Koch,Male,32,West Bengal,Kolkata,Loyal
747,Sean Schaefer,Female,63,Delhi,Delhi,Premium
748,Kenneth Miller MD,Male,43,Telangana,Hyderabad,Regular
749,Emily Sullivan,Male,39,Telangana,Hyderabad,Loyal
750,Philip Kramer,Female,19,Maharashtra,Mumbai,Loyal
751,Joshua Blair,Male,62,Delhi,Delhi,Regular
752,Brittney Sampson,Male,57,Maharashtra,Pune,Regular
753,Mr. Malik Mendoza III,Female,26,West Bengal,Kolkata,Premium
754,Kayla Marquez,Male,47,Tamil Nadu,Chennai,Premium
755,Patty Spencer,Female,36,Karnataka,Bangalore,Premium
756,Katie Ward,Female,28,Maharashtra,Pune,Loyal
757,Latoya Davis,Female,24,Telangana,Hyderabad,Loyal
758,Dr. Keith Prince,Female,37,Telangana,Hyderabad,Regular
759,Jillian Jenkins,Female,38,Maharashtra,Mumbai,Premium
760,Alicia Harris,Female,52,West Bengal,Kolkata,Regular
761,Kelly Hunter,Female,20,Karnataka,Bangalore,Loyal
762,Dylan Edwards,Male,48,Delhi,Delhi,Loyal
763,John Hernandez,Female,19,West Bengal,Kolkata,Regular
764,John Gillespie,Male,54,West Bengal,Kolkata,Premium
765,Joseph Sparks,Male,52,Karnataka,Bangalore,Loyal
766,Hannah Lopez,Male,22,Maharashtra,Pune,Premium
767,Tammy Mcguire,Male,27,Delhi,Delhi,Loyal
768,Amber Murphy,Female,49,Maharashtra,Pune,Premium
769,Bridget Mercado,Female,47,Telangana,Hyderabad,Premium
770,Veronica Perez,Female,29,Karnataka,Bangalore,Premium
771,Frances Cruz,Male,39,Delhi,Delhi,Regular
772,Dr. Pamela Haynes,Female,57,Tamil Nadu,Chennai,Regular
773,Judith Flores,Male,56,West Bengal,Kolkata,Premium
774,Darlene Powell,Male,34,Tamil Nadu,Chennai,Regular
775,Veronica Jones,Male,65,Tamil Nadu,Chennai,Loyal
776,Frederick Sharp,Male,57,Karnataka,Bangalore,Loyal
777,Karla Carter MD,Male,28,Maharashtra,Mumbai,Loyal
778,Kyle Flores,Male,18,Telangana,Hyderabad,Regular
779,Allison Anderson,Female,52,West Bengal,Kolkata,Regular
780,Laura Anderson,Female,44,Delhi,Delhi,Premium
781,Sabrina Williams,Female,57,West Bengal,Kolkata,Loyal
782,Holly Mejia,Male,56,West Bengal,Kolkata,Premium
783,John Martin,Male,46,Karnataka,Bangalore,Premium
784,Charles Snow,Male,20,Maharashtra,Pune,Premium
785,Theresa Owens,Female,22,West Bengal,Kolkata,Premium
786,Martin Santos,Female,49,Delhi,Delhi,Regular
787,Maria Meyer,Female,25,Karnataka,Bangalore,Loyal
788,Michael Rose,Male,19,Maharashtra,Mumbai,Premium
789,Michael Sloan,Female,39,Maharashtra,Mumbai,Loyal
790,Debra Snyder,Male,60,Karnataka,Bangalore,Premium
791,Michael Morgan,Female,50,Telangana,Hyderabad,Loyal
792,Tyler Kim,Female,34,West Bengal,Kolkata,Regular
793,Christina Atkins,Male,27,Karnataka,Bangalore,Regular
794,Leslie Shaw,Male,32,Maharashtra,Mumbai,Loyal
795,Marisa Tran,Female,41,West Bengal,Kolkata,Premium
796,Alexandra Johnson,Female,54,Delhi,Delhi,Regular
797,Barbara Grimes,Female,53,Karnataka,Bangalore,Loyal
798,Ronald Rivers,Female,47,Karnataka,Bangalore,Loyal
799,Jesse Sullivan,Male,38,Maharashtra,Mumbai,Premium
800,Darren Watkins,Male,20,Delhi,Delhi,Loyal
801,Robert Richardson,Female,61,Maharashtra,Pune,Loyal
802,Paul Chen,Female,44,Delhi,Delhi,Loyal
803,John Burns,Female,39,Maharashtra,Mumbai,Loyal
804,Walter Huber,Female,21,West Bengal,Kolkata,Loyal
805,Richard Wilson,Female,56,Maharashtra,Mumbai,Premium
806,Isabella Hunt,Male,51,Maharashtra,Pune,Premium
807,Krista Gonzalez,Female,29,Maharashtra,Pune,Premium
808,Gregory Gordon,Female,19,Tamil Nadu,Chennai,Regular
809,Nicole Graves,Male,37,Maharashtra,Pune,Loyal
810,Melissa Ponce,Male,28,Maharashtra,Mumbai,Loyal
811,Brittney Potts,Female,32,Maharashtra,Pune,Loyal
812,Sara Adams,Female,19,Tamil Nadu,Chennai,Regular
813,Gary Goodwin,Female,48,Maharashtra,Pune,Regular
814,Heather Dickerson,Female,62,Maharashtra,Pune,Premium
815,Jade Adkins,Male,34,Karnataka,Bangalore,Loyal
816,Thomas Zimmerman,Female,55,Maharashtra,Pune,Premium
817,Shelley Hernandez,Male,50,Maharashtra,Mumbai,Regular
818,Edward Jackson,Female,53,Maharashtra,Pune,Premium
819,Jessica Garcia,Female,25,Delhi,Delhi,Loyal
820,Jeffrey Miller,Female,53,Delhi,Delhi,Premium
821,Jessica Miller,Female,38,Delhi,Delhi,Premium
822,Nicholas Ellison,Male,18,Maharashtra,Mumbai,Loyal
823,Chad Aguirre,Female,28,West Bengal,Kolkata,Premium
824,Peter Le,Female,51,Maharashtra,Pune,Loyal
825,Donna Adkins,Male,57,Maharashtra,Pune,Loyal
826,Ryan Meza,Male,52,West Bengal,Kolkata,Regular
827,Devon Jones,Male,63,Maharashtra,Mumbai,Loyal
828,Nicole Cantu,Male,38,Tamil Nadu,Chennai,Regular
829,Mark Mcdonald,Female,55,Delhi,Delhi,Loyal
830,Holly Montoya,Female,45,Karnataka,Bangalore,Regular
831,Karen James DVM,Male,37,Maharashtra,Mumbai,Premium
832,Michael Espinoza,Male,44,Delhi,Delhi,Regular
833,Kathleen Webb,Female,35,Karnataka,Bangalore,Loyal
834,Erik Smith,Male,30,Tamil Nadu,Chennai,Regular
835,David Miller,Female,20,Maharashtra,Mumbai,Premium
836,Monica Crane,Female,32,Karnataka,Bangalore,Premium
837,Michael Schmitt,Female,53,Delhi,Delhi,Premium
838,Nancy Miles,Female,41,Telangana,Hyderabad,Premium
839,Lisa Shepherd,Male,36,Telangana,Hyderabad,Premium
840,Darrell Thompson,Male,22,West Bengal,Kolkata,Regular
841,Sharon Burgess,Female,41,Karnataka,Bangalore,Regular
842,Toni Wilkinson,Male,47,Karnataka,Bangalore,Regular
843,Joseph Acosta,Female,20,Delhi,Delhi,Loyal
844,Jennifer Hardy,Male,64,West Bengal,Kolkata,Premium
845,Amanda Wilson,Male,20,Maharashtra,Pune,Regular
846,Logan Herrera,Male,57,Tamil Nadu,Chennai,Regular
847,Christopher Gibbs,Female,26,West Bengal,Kolkata,Loyal
848,Brittany Price,Male,52,Maharashtra,Mumbai,Regular
849,Mark Benson,Female,28,Maharashtra,Mumbai,Regular
850,Johnny Smith,Male,28,Telangana,Hyderabad,Regular
851,Ivan Case,Female,25,Delhi,Delhi,Premium
852,Joshua Moreno,Male,65,Maharashtra,Pune,Regular
853,Keith Russell,Female,19,West Bengal,Kolkata,Regular
854,Kathleen Lewis,Male,20,Maharashtra,Pune,Loyal
855,Alexander Petersen,Female,44,Telangana,Hyderabad,Premium
856,Thomas Evans,Male,50,Karnataka,Bangalore,Premium
857,Juan May,Female,29,Delhi,Delhi,Loyal
858,Deanna Andrade,Female,38,Telangana,Hyderabad,Regular
859,Justin Griffith,Male,26,West Bengal,Kolkata,Regular
860,Mrs. Misty Brown MD,Female,53,Karnataka,Bangalore,Premium
861,Mr. Richard Page DDS,Male,49,Karnataka,Bangalore,Loyal
862,Lindsey Jones,Male,27,Delhi,Delhi,Premium
863,Samuel Harris,Male,36,West Bengal,Kolkata,Regular
864,Kevin Murphy,Male,62,West Bengal,Kolkata,Premium
865,Kari Anderson,Female,32,Karnataka,Bangalore,Regular
866,Cindy Williams,Female,63,Maharashtra,Mumbai,Regular
867,Brian Mcbride,Female,55,Delhi,Delhi,Premium
868,Amanda Maxwell,Male,55,West Bengal,Kolkata,Premium
869,Christopher Gillespie,Male,61,Tamil Nadu,Chennai,Loyal
870,Michael Randolph,Female,43,Telangana,Hyderabad,Regular
871,Rachel Dean,Female,53,Delhi,Delhi,Premium
872,Joseph Cruz,Male,40,Tamil Nadu,Chennai,Regular
873,Michael Jackson,Female,42,West Bengal,Kolkata,Regular
874,David Schmidt,Female,52,Telangana,Hyderabad,Premium
875,Stephen Hood,Male,24,Maharashtra,Mumbai,Loyal
876,Victoria Schwartz,Male,41,West Bengal,Kolkata,Regular
877,Bridget Cook,Male,65,Karnataka,Bangalore,Regular
878,Carlos Pineda,Male,59,Maharashtra,Mumbai,Premium
879,Jennifer Miller,Male,45,Maharashtra,Mumbai,Regular
880,Antonio Williams,Female,45,Delhi,Delhi,Regular
881,Angela Walton,Female,34,Maharashtra,Mumbai,Loyal
882,Craig Davis,Female,52,Maharashtra,Mumbai,Regular
883,Sean Maxwell,Male,54,Tamil Nadu,Chennai,Loyal
884,Jason Wilkinson,Female,55,Maharashtra,Pune,Premium
885,Kristin Martinez,Female,55,West Bengal,Kolkata,Regular
886,Monica Crawford,Female,20,Maharashtra,Mumbai,Premium
887,Jaime Cook,Male,44,Tamil Nadu,Chennai,Loyal
888,Austin Carroll,Male,22,Karnataka,Bangalore,Regular
889,Charles Miles,Male,27,Maharashtra,Mumbai,Regular
890,Crystal Dorsey,Female,55,Karnataka,Bangalore,Loyal
891,Jennifer Villanueva,Male,43,Tamil Nadu,Chennai,Loyal
892,Ashley Velazquez,Female,33,Telangana,Hyderabad,Premium
893,Brandon Lambert,Female,59,Delhi,Delhi,Premium
894,Michael Young,Male,48,Karnataka,Bangalore,Regular
895,Denise Taylor,Female,20,West Bengal,Kolkata,Regular
896,Joseph Griffin,Male,24,Maharashtra,Mumbai,Regular
897,William Hicks,Male,47,Telangana,Hyderabad,Loyal
898,Stephen Wilson,Female,57,Tamil Nadu,Chennai,Regular
899,Anthony Robertson,Female,49,Telangana,Hyderabad,Premium
900,Jacqueline Garcia,Female,25,Tamil Nadu,Chennai,Loyal
901,Michael Johns,Male,56,West Bengal,Kolkata,Regular
902,Mark Romero,Female,44,Maharashtra,Mumbai,Regular
903,Amber Ryan,Female,43,Delhi,Delhi,Regular
904,Justin Cooke,Female,23,Telangana,Hyderabad,Premium
905,Kimberly Reeves,Female,39,Tamil Nadu,Chennai,Premium
906,Kirk Sherman,Female,39,Telangana,Hyderabad,Loyal
907,Darren Gray,Male,60,West Bengal,Kolkata,Premium
908,Jennifer Cruz,Female,64,Maharashtra,Pune,Loyal
909,Lauren Graham,Male,21,Delhi,Delhi,Loyal
910,Christina Mathews,Male,32,Delhi,Delhi,Loyal
911,Darren Smith,Male,23,Telangana,Hyderabad,Regular
912,Daniel Williams,Female,47,Maharashtra,Pune,Regular
913,Lisa Wood,Male,35,Delhi,Delhi,Regular
914,Nancy Anderson,Female,42,Maharashtra,Mumbai,Loyal
915,Dylan Burke,Female,33,West Bengal,Kolkata,Premium
916,Kathryn Hanson MD,Male,31,West Bengal,Kolkata,Loyal
917,Deanna Johnson,Female,41,Maharashtra,Pune,Regular
918,Michael Schwartz,Female,31,Tamil Nadu,Chennai,Loyal
919,Nicholas Little,Male,19,Karnataka,Bangalore,Loyal
920,Melissa Moore,Male,49,Karnataka,Bangalore,Loyal
921,Bradley Mcintosh,Female,21,Telangana,Hyderabad,Loyal
922,Kevin Bailey,Female,44,Tamil Nadu,Chennai,Premium
923,Andrew Smith,Female,18,Maharashtra,Mumbai,Loyal
924,Ashley Collier,Male,42,Telangana,Hyderabad,Loyal
925,Ms. Victoria Quinn,Male,61,Karnataka,Bangalore,Loyal
926,Michelle Hodges,Male,35,Maharashtra,Pune,Loyal
927,Angela Pruitt,Female,57,Maharashtra,Pune,Premium
928,Chad Velasquez,Male,43,Maharashtra,Mumbai,Loyal
929,Ryan Guerra,Female,64,West Bengal,Kolkata,Loyal
930,Brandon Browning,Female,45,Delhi,Delhi,Loyal
931,Sarah Phillips,Female,34,Telangana,Hyderabad,Loyal
932,Jeffrey Williams,Female,26,Maharashtra,Pune,Premium
933,Terry Nunez,Female,22,Karnataka,Bangalore,Premium
934,Julie Case,Female,57,West Bengal,Kolkata,Premium
935,Sarah Gregory,Male,41,West Bengal,Kolkata,Regular
936,Zachary Johnson,Female,52,Telangana,Hyderabad,Premium
937,Frank Sanders,Female,65,West Bengal,Kolkata,Regular
938,Lori Flores,Male,41,Tamil Nadu,Chennai,Regular
939,Kevin Ford,Male,62,Maharashtra,Mumbai,Premium
940,Joseph Marquez,Female,43,Karnataka,Bangalore,Regular
941,Bobby Myers,Female,42,Maharashtra,Mumbai,Regular
942,Susan Williams,Female,35,Telangana,Hyderabad,Loyal
943,Pamela Phillips,Male,38,Delhi,Delhi,Regular
944,Elizabeth Martin,Male,63,Karnataka,Bangalore,Loyal
945,Ashley Sullivan,Male,40,Karnataka,Bangalore,Premium
946,Micheal Barnett,Female,18,West Bengal,Kolkata,Regular
947,Joseph Ryan,Male,24,Maharashtra,Mumbai,Premium
948,Joseph Brown,Male,42,Telangana,Hyderabad,Premium
949,Olivia Nguyen,Female,60,Karnataka,Bangalore,Loyal
950,Autumn Cook,Male,40,Tamil Nadu,Chennai,Premium
951,Lori Mckenzie,Female,25,Tamil Nadu,Chennai,Regular
952,Jacob Rodriguez,Female,24,Maharashtra,Pune,Regular
953,Joshua Smith,Female,59,Karnataka,Bangalore,Premium
954,Mary Griffin,Female,32,West Bengal,Kolkata,Premium
955,Joshua Flowers,Female,29,Delhi,Delhi,Regular
956,Evan Valencia,Female,27,Delhi,Delhi,Premium
957,Joseph Reynolds,Female,30,Karnataka,Bangalore,Regular
958,Emma Boone,Female,28,Delhi,Delhi,Premium
959,Eric White,Male,21,Delhi,Delhi,Premium
960,Evan Fox,Female,24,West Bengal,Kolkata,Loyal
961,Mandy Freeman,Male,50,Delhi,Delhi,Regular
962,Stephanie Crawford,Female,60,Maharashtra,Mumbai,Loyal
963,Ashley Fowler,Female,47,Tamil Nadu,Chennai,Premium
964,Robin Hill,Female,38,West Bengal,Kolkata,Loyal
965,Anne Zuniga,Female,30,Delhi,Delhi,Regular
966,Michelle Jennings,Female,55,Delhi,Delhi,Loyal
967,Charles Brown,Female,59,Telangana,Hyderabad,Premium
968,Ann Lynch,Male,35,Maharashtra,Mumbai,Loyal
969,Jennifer Bartlett,Male,55,Delhi,Delhi,Regular
970,Robert Lynch,Male,27,West Bengal,Kolkata,Loyal
971,Erica Lopez,Male,33,Maharashtra,Pune,Premium
972,Randy Smith,Male,55,Maharashtra,Mumbai,Regular
973,Robert Cook,Female,19,Maharashtra,Mumbai,Regular
974,Mary Sullivan,Female,62,Maharashtra,Pune,Regular
975,Lauren Lane,Female,38,Tamil Nadu,Chennai,Premium
976,Sean Swanson,Female,24,Delhi,Delhi,Premium
977,Cynthia Aguilar,Female,18,Telangana,Hyderabad,Loyal
978,Pamela Ward,Male,29,Telangana,Hyderabad,Regular
979,Martin Aguilar,Male,22,Tamil Nadu,Chennai,Regular
980,Todd Mathis,Female,57,Telangana,Hyderabad,Loyal
981,Heather Hull,Female,41,Telangana,Hyderabad,Regular
982,Samantha Wilson,Female,25,Telangana,Hyderabad,Premium
983,Jacob Torres,Female,47,Maharashtra,Mumbai,Regular
984,Chloe White,Male,28,Maharashtra,Mumbai,Regular
985,William King,Male,40,Telangana,Hyderabad,Premium
986,Mrs. Barbara Smith MD,Female,29,Telangana,Hyderabad,Loyal
987,Christopher Wilkins,Female,54,Tamil Nadu,Chennai,Regular
988,Robert Kim,Male,45,Telangana,Hyderabad,Premium
989,Jason Wells,Male,21,Telangana,Hyderabad,Premium
990,Alexander Stone,Male,65,Karnataka,Bangalore,Regular
991,Mr. Christopher Nelson MD,Female,46,Delhi,Delhi,Premium
992,Christina Young,Female,56,Telangana,Hyderabad,Loyal
993,Gina Ellis,Male,58,Telangana,Hyderabad,Loyal
994,Matthew Collins,Male,44,Maharashtra,Mumbai,Premium
995,Crystal Murray,Male,47,Delhi,Delhi,Premium
996,Amber Dennis,Female,28,Karnataka,Bangalore,Regular
997,Luis James,Female,37,Maharashtra,Pune,Premium
998,Thomas Barton,Female,50,Delhi,Delhi,Premium
999,Kellie Woodward,Male,45,Delhi,Delhi,Premium
1000,Andrew Henry,Male,19,Karnataka,Bangalore,Regular
